listing_id,property_type,hoa_dues,style,year_built,community,MLS#
173094201,"Condominium, Residential Condo/Co-Op",$452/month,Contemporary,2020,Hollywood,$779
31224403,"Residential, Single Family Residence",$158/month,,2003,Barton Creek Sec G Ph 02,$422
160720410,"Townhouse, Residential Condo/Co-Op",$375/month,Contemporary,2005,West Hollywood Vicinity,$738
27863873,Single Family Detached,,Ranch,1961,CAPITOL ADDITION BLOCKS 43 & 44 35-38 29 & 30,$192
30924885,"Residential, Single Family",,"Single Detached, Ranch, Traditional",1958,Crawford Park Terrace Rev,$114
28938758,Condominium,$592/month,Modern/High Tech,2009,Mission Bay,"$1,226"
7103544,"Single Family, Residential Single-Family",,Spanish,1923,West Hollywood Vicinity,"$1,039"
89947362,Condo,$507/month,,2005,Madison,$391
25723212,"Townhouse, Residential Condo/Co-Op",$360/month,Modern,2009,West Hollywood Vicinity,$659
1992034,"Semi-Attached, End Unit, Condominium",$420/month,Contemporary,1989,Western Addition,"$1,245"
12531377,,$894/month,Contemporary,2007,CHEVY CHASE,$742
57864809,Multi-Family,,,1904,Madison,
40625920,"Mid-Rise (4-8), Condominium",$718/month,Contemporary,2012,Inner Mission,"$1,173"
89903440,Single-Family,,Ranch,1955,N/a,$215
57870920,Multi-Family,,,1900,Madison,
1405312,"2 Level, Tenancy In Common",,"Contemporary, Modern/High Tech",1922,Mission Dolores,$996
89945603,Condo,$436/month,,1910,Madison,$369
57812419,Condo,$755/month,,1999,Madison,$393
21967151,,$428/month,,2007,San Francisco,"$1,755"
145641690,"Single Family, Residential Single-Family",$197/month,Contemporary,2017,Hollywood,$794
57851284,Condo,$313/month,,2007,Madison,$308
7122428,"Single Family, Residential Single-Family",,Traditional,1952,Sunset Strip - Hollywood Hills West,$927
30924270,"Residential, Single Family",,"Single Detached, Traditional",1954,Pleasant Grove Estates,$145
173342239,"Hi-Rise (9+), Condominium","$1,181/month",Modern/High Tech,2020,South Beach,"$1,213"
876268,Condominium,$533/month,,2002,Van Ness/Civic Center,$873
7105726,Residential Income,,New Project,1947,West Hollywood Vicinity,"$1,182"
7125233,"Single Family, Residential Single-Family",,Contemporary,1971,Sunset Strip - Hollywood Hills West,$728
57877690,Multi-Family,,,1909,Madison,
144063812,"Flat, Condominium",$425/month,Victorian,1911,Mission Dolores,$968
7115455,"Single Family, Residential Single-Family",,Craftsman,1916,Hollywood,$923
7126262,Single Family Residence,,Modern,1961,C03 - Sunset Strip - Hollywood Hills West,$728
7124449,"Single Family, Residential Single-Family",,Ranch,1974,Sunset Strip - Hollywood Hills West,$970
100045813,Residential Land,,,,Sunset Strip - Hollywood Hills West,
172764724,Residential Single-Family,$290/month,Modern,2020,West Hollywood Vicinity,$883
7102465,"Single Family, Residential Single-Family",,High Tech,2020,West Hollywood Vicinity,$769
7115643,"Condominium, Residential Condo/Co-Op",$475/month,Contemporary,1985,Hollywood,$718
57844925,Condo,$125/month,,1895,Madison,$211
51680016,"Low-Rise (1-3), Condominium",$300/month,,1905,Eureka Valley/Dolore,"$1,085"
30942295,"Residential, Single Family",,Single Detached,1965,Lake June Terrace,$97
7124477,"Single Family, Residential Single-Family",,Bungalow,1923,Sunset Strip - Hollywood Hills West,"$1,120"
2026643,"Low-Rise (1-3), Unit Above, 1 Level, Condominium",$347/month,Victorian,1895,Pacific Heights,"$1,143"
30744028,"Residential, Single Family",,Single Detached,2005,Brierwood Heights Ph 02,$107
1139582,"Low-Rise (1-3), Condominium",$398/month,,1921,Inner Mission,"$1,024"
22889685,"1 Level, Condominium",$540/month,Contemporary,2007,North Panhandle,"$1,158"
1650753,"3 Story, Single-Family Home",,Victorian,1900,Lower Pacific Height,"$1,016"
12531406,,"$1,363/month",Contemporary,2007,CHEVY CHASE,$879
170362281,,,,,CASA BELLA,
31202612,"Residential, Single Family Residence",$47/month,,1997,Lost Creek At Gaines Ranch Rep,$248
1667074,"4+ Story, Single-Family Home",,Traditional,1908,Pacific Heights,"$2,089"
7103427,"Single Family, Residential Single-Family",,Modern,2020,West Hollywood Vicinity,$776
2035763,Condominium,"$1,151/month",,1964,Pacific Heights,"$1,284"
707920,Condominium,$496/month,,1997,South of Market,"$1,101"
7125351,"Single Family, Residential Single-Family",,Contemporary,1977,Sunset Strip - Hollywood Hills West,$897
7125379,"Single Family, Residential Single-Family",,Cape Cod,1974,Sunset Strip - Hollywood Hills West,$809
31228372,"Residential, Single Family Residence",$158/month,,1999,Barton Creek Sec G Ph 02,$380
7117136,"Condominium, Residential Condo/Co-Op",$461/month,Mid-Century,1954,West Hollywood Vicinity,$878
7117877,Condominium,$311/month,Mid Century Modern,1960,C10 - West Hollywood Vicinity,$793
89925122,Condo,$579/month,,2002,Madison,$337
1537361,"Live/Work, 2 Level, Loft Condominium",$448/month,,2001,South of Market,$920
148027969,Condo,$342/month,,2019,Madison,$415
173379051,,$904/month,Contemporary,2010,CHEVY CHASE,$531
57825506,Condo,$675/month,,2008,Madison,$463
31228373,"Residential, Single Family Residence",$792/month,,2002,Barton Creek Sec G Ph 2,$771
7119495,"Single Family, Residential Single-Family",,Contemporary,1977,Sunset Strip - Hollywood Hills West,$594
8137847,Condominium,$463/month,,2003,C10 - West Hollywood Vicinity,$802
89936412,Condo,$579/month,,2008,Madison,$357
57834635,Condo,$361/month,,2007,Madison,$298
27573392,Single Family Detached,,Ranch,1956,WEST PHOENIX ADDITION,$212
7125387,"Single Family, Residential Single-Family",$21/month,Modern,1969,Sunset Strip - Hollywood Hills West,"$1,189"
9970875,,$528/month,Traditional,1956,CHEVY CHASE,$486
9980006,,,Cape Cod,1936,CHEVY CHASE,$482
7101609,Residential Income,,Contemporary,2020,West Hollywood Vicinity,$357
27508330,Duplex,,,1965,WASHINGTON PARK PLAT A,
173378575,Tenancy In Common,$450/month,Contemporary,,Russian Hill,"$1,008"
8174403,"Single Family, Residential Single-Family",,Mediterranean,2013,Sunset Strip - Hollywood Hills West,$742
1918860,Condominium,$300,,2002,SAN FRANCISCO,"$1,206"
7101625,Residential Single-Family,$290/month,Modern,2020,West Hollywood Vicinity,$898
12277396,Condominium,$172,Art Deco,1938,SAN FRANCISCO,"$1,153"
30939636,"Lots & Acreage, Residential Land",,,,Belvedere Estates,
7102648,"Single Family, Residential Single-Family",,Spanish,1924,West Hollywood Vicinity,$942
7119446,"Single Family, Residential Single-Family",,French Normandy,1956,Sunset Strip - Hollywood Hills West,"$1,562"
7103422,Residential Single-Family,,Farm House,2020,West Hollywood Vicinity,$792
21925166,"Condominium, Residential Condo/Co-Op",$600/month,Traditional,1992,West Hollywood Vicinity,$553
89936402,Condo,$410/month,,2008,Madison,$327
7115297,Condominium,$395/month,,1973,C03 - Sunset Strip - Hollywood Hills West,$622
171439709,,,,,Phoenix,
27504485,Single Family Detached,,Ranch,1946,RAINBOW VISTA,$123
170476492,"Mixed Use, 2 Stories, Mixed Use, 5-15 Units",,,1906,Van Ness/Civic Center,$391
1225261,"Flat, Attached, Ground Floor, 2 Level, Condominium",$400/month,"Contemporary, Victorian",1885,North Panhandle,$765
12400542,Stock Cooperative,"$3,186/month",Traditional,1927,Pacific Heights,"$2,043"
148027993,Condo,$342/month,,2019,Madison,$421
168955847,"Hi-Rise (9+), Luxury, New Construction, Condominium","$1,836/month",Modern/High Tech,2019,South Beach,"$1,573"
89950989,Condo,$287/month,,2008,Madison,$334
7119335,Single Family Residence,,"Contemporary, Modern",1960,C03 - Sunset Strip - Hollywood Hills West,"$1,215"
89915543,Single-Family,,Bungalow,1884,Farwells,$296
1009337,"1 Level, Condominium",,Contemporary,2000,Yerba Buena,$434
110238976,"Single Family, Residential Single-Family",$125/month,Contemporary,2015,West Hollywood Vicinity,$756
89927446,Condo,$337/month,,1910,Madison,$334
31691262,"Residential, Single Family Residence",$260/month,,2000,Courtyard At Gaines Ranch,$289
57830278,Condo,$308/month,,2008,Madison,$306
57800620,Condo,$379/month,,2002,Madison,$286
7117046,"Single Family, Residential Single-Family",,Mediterranean,1923,Sunset Strip - Hollywood Hills West,"$1,002"
1565595,Condominium,$878/month,,1978,Potrero Hill,$817
31224374,"Residential, Single Family Residence",$63/month,,1987,The Estates of Barton Creek,$332
7116372,"Single Family, Residential Single-Family",,Mid-Century,1964,Sunset Strip - Hollywood Hills West,$736
591334,"3 Story, Single-Family Home",,Contemporary,1953,North Panhandle,$941
1900976,Loft Condominium,$659/month,,1995,South of Market,$810
7122799,"Single Family, Residential Single-Family",,Contemporary,1987,Sunset Strip - Hollywood Hills West,$443
89903082,Multi-Family,,,1898,Old Market Place,
6834645,"Single Family, Residential Single-Family",,Hacienda,1991,Beverly Hills Post Office,$788
27508690,Single Family Detached,,,1956,ENCANTO ESTATES AMD,$251
1188165,"Flat, Low-Rise (1-3), Condominium",$350/month,Edwardian,1900,Cow Hollow,"$1,398"
17304758,"Luxury, Condominium",$250/month,"Contemporary, Traditional",2007,Potrero Hill,"$1,095"
7122558,Single Family Residence,,Cottage,1956,C03 - Sunset Strip - Hollywood Hills West,"$1,027"
7116776,"Single Family, Residential Single-Family",,Tudor,1925,Sunset Strip - Hollywood Hills West,$777
7106565,Residential Income,,,1961,West Hollywood Vicinity,$478
9993492,,,,2020,CHEVY CHASE,$348
1810387,"Low-Rise (1-3), Condominium",$325/month,Edwardian,1900,Alamo Square,"$1,130"
89934969,Condo,$505/month,,2002,Madison,$353
7117130,"Condominium, Residential Condo/Co-Op",$669/month,Mid-Century,1954,West Hollywood Vicinity,$844
173000511,"Single Family, Residential Single-Family",$99/month,Modern,2020,Hollywood,$906
89925119,Condo,$825/month,,2002,Madison,$398
173000510,Residential Single-Family,$99/month,Modern,2020,Hollywood,$956
7114362,"Condominium, Residential Condo/Co-Op",$777/month,High or Mid-Rise Condo,1964,Sunset Strip - Hollywood Hills West,$658
2023304,Condominium,"$1,151/month",,1964,Pacific Heights,"$1,193"
89915568,Single-Family,,Other,1915,Marquette Neighborhood,$259
173372328,Single-Family Home,,,1900,Lower Pacific Height,$733
27230784,"Other (See Remarks), 5-12 Units",,,1969,DEL MONTE VILLAGE 2,
17493124,Residential Land,,,,Sunset Strip - Hollywood Hills West,
7125791,"Single Family, Residential Single-Family",,Architectural,1986,Sunset Strip - Hollywood Hills West,$609
57838425,Condo,$404/month,,2009,Madison,$275
145803108,,,,,BUCKEYE ROAD ACRES BLOCKS 3 & 4,
57857974,Condo,$345/month,,2004,Madison,$306
144004456,"Residential, Condominium",$563/month,,2015,Escondera Condo Amd,$251
173219840,"Condominium, Residential Condo/Co-Op",$500/month,Contemporary,2020,West Hollywood Vicinity,"$1,141"
160664594,,,,,C03 - Sunset Strip - Hollywood Hills West,
169571402,Condominium,$666,,2018,SAN FRANCISCO,"$1,164"
28134743,,,,,"CAPITOL BLK 43, 44, 35-38, 29, 30",
31165692,"Residential, Condo",$213/month,Condo/Townhome,1984,Canterbury Crossing Ph 01-08,$66
591805,Condominium,$350,,1981,SAN FRANCISCO,"$1,091"
28016125,"Single Family Detached, 2/3/4 Plex",,,1945,FAIRFIELD,$168
40138585,"Mid-Rise (4-8), Attached, Unit Above, Condominium",$757/month,Contemporary,2010,Hayes Valley,"$1,230"
30941475,"Residential, Single Family",,Single Detached,1952,Bruton Road Park,$92
62386225,Condo,$295/month,,2004,Madison,$314
172022158,,,,,MEADOW ADDITION,
167573424,Townhouse,$550/month,Contemporary,2017,C10 - West Hollywood Vicinity,$893
849575,"Flat, Hi-Rise (9+), Condominium",$650/month,Contemporary,2000,Yerba Buena,
7126412,Residential Single-Family,,Contemporary,1939,Sunset Strip - Hollywood Hills West,$760
31141484,"Lots & Acreage, Residential Land",,,,BREEZLEY STONE ADDN,
7106099,"Single Family, Residential Single-Family",,Spanish,1923,West Hollywood Vicinity,$745
1893957,"3 Story, Single-Family Home",,Victorian,1900,Pacific Heights,"$1,623"
27225489,Single Family Detached,,,1954,HENSON TRACT,$236
89951364,Condo,$330/month,,2008,Madison,$262
7123796,Residential Single-Family,,Rustic,1922,Sunset Strip - Hollywood Hills West,$836
7103452,"Single Family, Residential Single-Family",,Modern,2020,West Hollywood Vicinity,$859
31165678,"Residential, Townhouse",$219/month,"Condo/Townhome, Traditional",1984,Canterbury Crossing Ph 01-08,$75
9957272,,$375/month,"Traditional, Contemporary",1990,CHEVY CHASE,$495
7106462,"Condominium, Residential Condo/Co-Op",$400/month,Modern,1981,West Hollywood Vicinity,$649
7103532,"Single Family, Residential Single-Family",,Contemporary,1923,West Hollywood Vicinity,"$1,001"
172715419,"Lots & Acreage, Residential Land",,,,City Dallas,
57867812,Single-Family,,Colonial,1864,N/a,$438
1226692,"Studio, Hi-Rise (9+), Top Floor, Condominium",$713/month,Art Deco,,Downtown,"$1,037"
89964081,Single-Family,,Bungalow,1922,N/a,$270
1381361,"Flat, Top Floor, Condominium",$350/month,,1900,Duboce Triangle,$993
1909937,"Townhouse, Low-Rise (1-3), Unit Above, End Unit, 2 Level, Tenancy In Common",$330/month,"Contemporary, Edwardian",,North Panhandle,
7116471,"Single Family, Residential Single-Family",,Contemporary,1922,Sunset Strip - Hollywood Hills West,"$1,001"
40142821,"Penthouse, Mid-Rise (4-8), Top Floor, 2 Level, Luxury, Condominium",$646/month,"Contemporary, Modern/High Tech",2009,Inner Mission,"$1,029"
1683742,"4+ Story, Single-Family Home",,Edwardian,,Pacific Heights,
102819850,"Studio, Low-Rise (1-3), Tenancy In Common",$365/month,,1911,Nob Hill,"$1,393"
955981,,,,1927,San Francisco,"$1,008"
7124400,Residential Income,,,1922,Sunset Strip - Hollywood Hills West,$923
22397587,"Single Family, Residential Single-Family",,Mediterranean,2013,Sunset Strip - Hollywood Hills West,$718
7117586,"Townhouse, Residential Condo/Co-Op",$293/month,French,1925,West Hollywood Vicinity,$914
9957270,,$375/month,"Traditional, Contemporary",1990,CHEVY CHASE,$470
32259319,"Residential, Single Family",,"Single Detached, Traditional",2002,Vine Lane Add,$140
32308618,"Residential, Single Family Residence",$308/month,,2020,Barton Creek Amarra Drive Ph 03,$675
7115540,"Single Family, Residential Single-Family",,Craftsman,1914,Sunset Strip - Hollywood Hills West,$967
12395981,"Low-Rise (1-3), Top Floor, End Unit, 2 Level, Luxury, Condominium",$792/month,"Contemporary, Traditional, Custom, Modern/High Tech, Spanish/Med, French",1993,South Beach,"$1,222"
57828518,Condo,$395/month,,2007,Madison,$269
69371251,"Low-Rise (1-3), 3 Level, Condominium",$538/month,Modern/High Tech,2013,Downtown,$889
173302640,,,,,C20 - Hollywood,
27668224,Four Plex,,,1988,PROSPERITY PARK,
1546277,"Detached, 2 Level, Condominium",$250/month,,1885,Lower Pacific Height,
31231867,"Residential, Single Family Residence",$158/month,,2001,Ridge At Barton Creek,$292
12531061,,$531/month,Contemporary,2007,CHEVY CHASE,$657
31054049,"Residential, Single Family",,"Single Detached, A-Frame, Other (See Remarks)",1940,Woodland Park Estates,$117
30916077,"Residential, Single Family",,Single Detached,1953,Pleasant Mdws Add,$118
31065727,"Residential, Condominium",$90/month,,2003,Mountain Shadows Cove Condo Ph 04,$233
1296581,Condominium,$801/month,,1988,Van Ness/Civic Center,"$1,107"
12281711,"Condominium, Residential Condo/Co-Op",$440/month,Modern,2004,West Hollywood Vicinity,$822
7124944,"Single Family, Residential Single-Family",,Modern,1976,Sunset Strip - Hollywood Hills West,$947
9970157,,$500/month,Contemporary,1963,CHEVY CHASE,$464
7115421,"Single Family, Residential Single-Family",,California Bungalow,1916,Hollywood,"$1,008"
28415550,Single Family Detached,,,1950,I-ON-A-HOME TRACT,$143
7101681,"Single Family, Residential Single-Family",$219/month,Architectural,2018,West Hollywood Vicinity,$773
31224462,"Residential, Single Family Residence",$63/month,,1982,Estates Above Lost Creek,$398
9969610,,$593/month,Contemporary,1957,CHEVY CHASE,$415
172989776,"Residential, Condominium",$474/month,,2001,The Owners Club at Barton Creek,$11
7116448,Single Family Residence,,,2019,C03 - Sunset Strip - Hollywood Hills West,$933
7126560,"Single Family, Residential Single-Family",,Garden Home,1951,Sunset Strip - Hollywood Hills West,"$1,070"
89944381,Condo,$360/month,,2003,Madison,$336
172235511,"Hi-Rise (9+), Condominium","$1,078/month",Modern/High Tech,2020,South Beach,"$1,259"
7123183,Residential Single-Family,,Mid-Century,1954,Sunset Strip - Hollywood Hills West,"$1,575"
27371197,Single Family Detached,,,1945,"SELLWELL 9-12, 17-20",$161
30940180,"Residential, Single Family",,"Single Detached, Traditional",1956,Upchurch Sub,$131
1741943,"Full, Flat, Top Floor, 1 Level, Tenancy In Common",,Edwardian,1905,Duboce Triangle,
27722894,Single Family Detached,,Ranch,2020,11/1 N/2E,$13
173361484,Residential Land,,,,Sunset Strip - Hollywood Hills West,
57851035,Condo,$517/month,,2005,Madison,$377
1466411,Condominium,"$1,300/month",,1963,Nob Hill,$839
30940792,"Lots & Acreage, Residential Land",,,,Bird Song,
22888106,"Hi-Rise (9+), Top Floor, End Unit, Condominium",$610/month,Modern/High Tech,2006,South Beach,
31236664,"Residential, Single Family Residence",$150/month,,1999,Barton Creek Abc Midsection,$166
31231876,"Residential, Single Family Residence",$153/month,,1994,Ridge At Barton Creek,$315
12396902,"Townhouse, Low-Rise (1-3), 3 Level, Loft Condominium",$129/month,Contemporary,2000,South of Market,$817
57805129,Condo,$377/month,,2007,Madison,$311
31141482,"Lots & Acreage, Residential Land",,,,BREEZLEY STONE ADDN,
30940787,"Residential, Single Family",,"Single Detached, Prairie",1940,Bird Song Acres,$473
110051674,"Low-Rise (1-3), Condominium",$295/month,Victorian,1900,Hayes Valley,$829
89951376,Condo,$364/month,,2008,Madison,$339
7116688,Condominium,$394/month,"High or Mid-Rise Condo, Mid Century",1959,Sunset Strip - Hollywood Hills West,$654
30939481,"Lots & Acreage, Residential Land",,,,J L Elam Sub,
109923886,"Land, Unimproved Land",$204/month,,,Barton Creek North Rim,
982763,"Detached, 3 Story, Single-Family Home",,Modern/High Tech,,Corona Heights,"$1,196"
27451579,Tri-Plex,,,1930,WILLOW ADDITION,
7102400,"Single Family, Residential Single-Family",,Modern,2018,West Hollywood Vicinity,$789
7126577,"Single Family, Residential Single-Family",,Contemporary,1987,Sunset Strip - Hollywood Hills West,"$1,397"
7106466,"Condominium, Residential Condo/Co-Op",$400/month,Contemporary,1981,West Hollywood Vicinity,$520
28143727,,,,,EL RETIRO,
27297363,Single Family Detached,,,1926,CRISTY CROFT,$252
23424605,"Low-Rise (1-3), Condominium",$637/month,,2007,Potrero Hill,"$1,204"
7106328,"Single Family, Residential Single-Family",,Craftsman,1916,West Hollywood Vicinity,$735
173111084,"Residential, Single Family Residence",$175/month,,2021,Cayena,$307
22132608,Residential Land,,,,Sunset Strip - Hollywood Hills West,
27651716,Single Family Detached,,,1946,WEST PHOENIX NO 4,$93
31232165,"Residential, Single Family Residence",$108/month,,2001,Barton Crk Abc West Ph 01,$276
49704501,,,,,Phoenix,
30940791,"Lots & Acreage, Residential Land",,,,Bird Song,
30921838,"Residential, Single Family",,"Single Detached, Traditional",1961,Tangelwood,$152
7125693,"Single Family, Residential Single-Family",,Craftsman,1947,Sunset Strip - Hollywood Hills West,"$1,002"
7123209,"Single Family, Residential Single-Family",,Traditional,1964,Sunset Strip - Hollywood Hills West,$726
31141480,"Lots & Acreage, Residential Land",,,,Breezley Stone Add,
148027919,Condo,$342/month,,2019,Madison,$409
30939737,"Residential, Single Family",,Single Detached,1970,Haymaker 2nd Sec,$163
9980665,,,Cape Cod,1947,CHEVY CHASE,$449
31228464,"Residential, Single Family Residence",$693/month,,1999,Barton Creek Sec G Ph 02,$562
28938850,Condominium,$450,,1909,SAN FRANCISCO,"$1,035"
9970541,,,Colonial,1912,CHEVY CHASE,$466
23216214,"Single Family, Residential Single-Family",,Architectural,2017,Sunset Strip - Hollywood Hills West,"$1,443"
1659101,"Low-Rise (1-3), Condominium",$439/month,Victorian,1890,Pacific Heights,
7116853,"Single Family, Residential Single-Family",,Spanish Colonial,1921,Hollywood,$780
12397954,"Low-Rise (1-3), Top Floor, Loft Condominium",$568/month,Contemporary,1998,South of Market,$864
31157181,"Residential, Condominium",$404/month,,2008,Escondera Condo Amd,$240
89915319,Single-Family,,Prairie/Craftsman,1909,Marquette,$279
1458304,"2 Story, Single-Family Home",,"Contemporary, Victorian",1902,Pacific Heights,"$1,077"
17304921,Condominium,$996/month,,2008,South Beach,"$1,446"
89903547,Multi-Family,,,1889,Madison,
7126204,"Single Family, Residential Single-Family",,New Project,1950,Sunset Strip - Hollywood Hills West,$385
171376436,,,,,BUCKEYE ROAD ACRES BLKS 1 & 2,
1991782,Condominium,$886/month,,1960,Pacific Heights,"$1,215"
27506375,Single Family Detached,,,1946,NORTHWEST HOMESITES BLK 13,$185
554775,"Studio, Hi-Rise (9+), Condominium",$705/month,Art Deco,1930,Downtown,"$1,037"
567368,Condominium,$607/month,"Spanish/Med, Marina",1926,Pacific Heights,"$1,182"
53354677,"Single Family, Residential Single-Family",$165/month,Contemporary,2014,Hollywood,$637
109055379,Condo,$231/month,,2017,Madison,$359
28111938,Single Family Detached,,,1990,WEST VIEW MANOR PLAT 2,$124
31159770,"Residential, Single Family Residence",$162/month,,2015,Barton Creek Ph 04 Sec H,$507
76420049,,,,,Phoenix,
1375188,Condominium,$420/month,"Contemporary, Victorian",,Pacific Heights,"$1,346"
23101050,"Single Family, Residential Single-Family",,Villa,2008,Beverly Hills Post Office,$827
69371515,"Full, Flat, Mid-Rise (4-8), End Unit, Luxury, Condominium",$928/month,"Contemporary, Traditional",2014,Nob Hill,"$1,825"
31878895,"Residential, Single Family Residence",$350/month,,2002,Barton Creek Sec J Ph 02,$818
5312355,"Single Family, Residential Single-Family",,Traditional,1963,Sunset Strip - Hollywood Hills West,$828
7116269,"Single Family, Residential Single-Family",,Architectural,1923,Sunset Strip - Hollywood Hills West,$883
17305986,"Hi-Rise (9+), 1 Level, Luxury, Condominium",$771/month,"Contemporary, Modern/High Tech",2007,Western Addition,"$1,110"
31228468,"Residential, Single Family Residence",$158/month,,2001,Barton Creek Sec G Phs 2,$352
145271519,"Condominium, Residential Condo/Co-Op",$386/month,Modern,2009,West Hollywood Vicinity,$576
62386013,Condo,$316/month,,2004,Madison,$265
7119615,Single Family Residence,,Contemporary,1991,C03 - Sunset Strip - Hollywood Hills West,$780
30940788,"Lots & Acreage, Residential Land",,,,BIRD SONG ACRES,
40138566,"Mid-Rise (4-8), Condominium",$594/month,Contemporary,2008,Van Ness/Civic Center,"$1,104"
69371272,"Flat, Condominium",$400/month,Victorian,1897,Eureka Valley/Dolore,$984
57806639,Condo,$395/month,,2007,Madison,$313
173265149,"Full, Flat, Tenancy In Common",,Edwardian,1905,Duboce Triangle,
31219266,"Residential, Single Family Residence",$360/month,,1997,Fairways On Fazio At Barton Creek Co,$451
143409615,,$200/month,Contemporary,1985,CHEVY CHASE,$550
12289555,Condominium,$500/month,Contemporary,1985,C20 - Hollywood,$658
173332603,"Flat, Tenancy In Common",$358/month,Victorian,1890,Alamo Square,$904
110052010,"Studio, Mid-Rise (4-8), Condominium",$481/month,Contemporary,2014,Inner Mission,$762
9969817,,$765/month,Condo/Unit,1957,CHEVY CHASE,$364
7104530,"Single Family, Residential Single-Family",,Modern,2014,West Hollywood Vicinity,$810
1951943,"Flat, Top Floor, 2 Level, Luxury, Condominium",$437/month,"Contemporary, Custom, Modern/High Tech, Victorian, Edwardian",1900,Duboce Triangle,"$1,034"
7116861,"Single Family, Residential Single-Family",,Colonial,1919,Hollywood,$776
31141909,"Residential, Single Family",,"Single Detached, Traditional",1989,Heritage Square 04 Ph 02,$114
17305562,"Flat, Condominium",$300/month,Victorian,1904,Corona Heights,
7117148,"Condominium, Residential Condo/Co-Op",$461/month,Mid-Century,1954,West Hollywood Vicinity,$806
12531054,,$547/month,Contemporary,2007,CHEVY CHASE,$870
597853,"Low-Rise (1-3), Condominium",$203/month,,1980,Haight Ashbury,
7106722,Residential Income,,,1959,West Hollywood Vicinity,$471
1681968,"Hi-Rise (9+), Condominium",$608/month,Modern/High Tech,2002,Van Ness/Civic Center,$818
9992736,,,Colonial,1928,CHEVY CHASE,"$1,028"
30939512,"Lots & Acreage, Residential Land",,,,Lake June,
57826501,Condo,$309/month,,2007,Madison,$337
9949052,,,Contemporary,1927,AMERICAN UNIV. PARK,$439
704305,"Studio, Mid-Rise (4-8), Condominium",$557/month,Contemporary,1983,Mission Dolores,"$1,045"
57801790,Condo,$500/month,,1962,Madison,$344
1731649,"Full, Townhouse, Top Floor, 2 Level, Condominium",$909/month,,1982,Van Ness/Civic Center,$965
18471589,"Hi-Rise (9+), End Unit, Condominium",$646/month,Georgian,1909,Financial District,"$1,260"
2026348,"End Unit, Condominium",$781/month,,1960,Pacific Heights,"$1,271"
57819326,Condo,$469/month,,2004,Madison,$356
27506398,Single Family Detached,,,1946,REYNOLDS PARK,$377
12130966,"Condominium, Residential Condo/Co-Op",$400/month,Contemporary,1985,Hollywood,$844
31142791,"Residential, Single Family",,Single Detached,1986,Jamestown Add,$111
173336476,Tenancy In Common,$226/month,,1927,Buena Vista Park,"$1,057"
31050154,"Lots & Acreage, Residential Land",,,,Kissell Homes Add,
7119362,"Single Family, Residential Single-Family",,Cottage,1921,Sunset Strip - Hollywood Hills West,"$1,225"
7103474,"Single Family, Residential Single-Family",,Traditional,2020,West Hollywood Vicinity,$737
7114322,"Condominium, Residential Condo/Co-Op",$776/month,High or Mid-Rise Condo,1964,Sunset Strip - Hollywood Hills West,$662
28938867,"Full, Flat, Low-Rise (1-3), Unit Above, Unit Below, Condominium",$500/month,Traditional,1901,Eureka Valley/Dolore,$631
871768,Condominium,$532/month,,1929,North Panhandle,"$1,032"
23218795,"Single Family, Residential Single-Family",,Contemporary,2012,Sunset Strip - Hollywood Hills West,$589
12402302,Condominium,$530/month,,1907,Mission Dolores,$967
52059198,"Flat, Condominium",$300/month,Victorian,1900,Eureka Valley/Dolore,"$1,124"
9969783,,$765/month,Condo/Unit,1957,CHEVY CHASE,$363
57805849,Condo,$301/month,,2003,Madison,$336
7114337,"Condominium, Residential Condo/Co-Op",$786/month,High or Mid-Rise Condo,1964,Sunset Strip - Hollywood Hills West,$793
709778,"2 Story, Single-Family Home",,,1900,Eureka Valley/Dolore,"$1,240"
7126144,"Single Family, Residential Single-Family",,Modern,1988,Sunset Strip - Hollywood Hills West,"$1,125"
7105951,"Condominium, Residential Condo/Co-Op",$434/month,Contemporary,1974,West Hollywood Vicinity,$636
7117366,"Condominium, Residential Condo/Co-Op","$2,293/month",Monterey Colonial,1930,West Hollywood Vicinity,"$1,297"
7103461,"Single Family, Residential Single-Family",,Farm House,2019,West Hollywood Vicinity,$733
173213973,Residential Land,,,,Sunset Strip - Hollywood Hills West,
89945450,Condo,$494/month,,2004,Madison,$318
173357062,"3 Story, 2 Units",,Modern/High Tech,,Corona Heights,"$1,196"
1993390,"4+ Story, Single-Family Home",,Modern/High Tech,1908,Mission Dolores,"$1,091"
578918,"Semi-Attached, Top Floor, Condominium",$693/month,Contemporary,1987,Western Addition,"$1,175"
7106860,Residential Income,,,1959,West Hollywood Vicinity,$417
89930352,Condo,$344/month,,1914,Madison,$363
109287055,"End Unit, 1 Level, Condominium",$653/month,Contemporary,2017,Inner Mission,
5257578,Single Family Residence,,Contemporary,1988,C03 - Sunset Strip - Hollywood Hills West,"$1,038"
172734180,"Residential, Single Family",,"Single Detached, Other (See Remarks)",2020,CAMDEN HOMES,$136
31995649,"Residential, Single Family Residence",$43/month,,2002,Travis Country West Sec 01,$228
7106321,Residential Income,,,1920,West Hollywood Vicinity,$715
7104536,Single Family Residence,,,1923,C10 - West Hollywood Vicinity,$764
1514674,"Flat, Mid-Rise (4-8), Top Floor, Condominium",$635/month,"Traditional, Art Deco",1931,Pacific Heights,"$1,059"
27532572,5-12 Units,,,1985,WILLOW ADDITION,
5312387,Single Family Residence,,Mid Century Modern,1958,C03 - Sunset Strip - Hollywood Hills West,"$1,042"
172658312,"Residential, Single Family Residence",$175/month,,2019,Cayena,$305
1911568,"Flat, Top Floor, Tenancy In Common",,,1905,Mission Dolores,$855
147339320,"Residential, Condominium",$459/month,,2017,Enclave at Escondera,$292
2012617,"Full, Townhouse, Penthouse, Mid-Rise (4-8), Top Floor, End Unit, 2 Level, Luxury, Condominium",$841/month,Traditional,1988,Pacific Heights,"$1,731"
7126423,Single Family Residence,,,1942,C03 - Sunset Strip - Hollywood Hills West,$811
7124552,"Single Family, Residential Single-Family",,Other,1936,Sunset Strip - Hollywood Hills West,
28939206,"Mid-Rise (4-8), Condominium",$558/month,Contemporary,2009,Mission Bay,"$1,298"
170686982,"Single Family, Residential Single-Family",,Modern,2020,Hollywood,$723
49704509,,,,,Phoenix,
960465,"Low-Rise (1-3), Condominium",$325/month,,1951,Anza Vista,$926
31232145,"Residential, Single Family Residence",$158/month,,2005,Barton Creek Abc Mid Dec,$364
7115412,"Single Family, Residential Single-Family",,Spanish,2020,Hollywood,"$1,093"
171195536,"Single Family, Residential Single-Family",,Modern,,Hollywood,$703
27505334,Single Family Detached,,Other (See Remarks),1946,WEST PHOENIX NO 4,$380
1633931,"Hi-Rise (9+), End Unit, Condominium",$560/month,Contemporary,1963,Downtown,"$1,248"
57799673,Condo,"$1,097/month",,1999,Madison,$391
1502573,Single-Family Home,,"Contemporary, Custom",1991,Potrero Hill,
57838428,Condo,$321/month,,2007,Madison,$324
27119016,Single Family Detached,,Ranch,1959,Encanto Village,$149
30918807,"Residential, Single Family",,Single Detached,1950,Home Gardens,$103
27665812,Single Family Detached,,Ranch,2020,WESTWARD HOMES,$150
1928238,"Triplex, 3 Units",,,1900,Eureka Valley/Dolore,$896
7102647,"Single Family, Residential Single-Family",,Cape Cod,2020,Beverly Center-Miracle Mile,$745
7125207,"Single Family, Residential Single-Family",,Mediterranean,1975,Sunset Strip - Hollywood Hills West,$964
1575549,"2 Story, Mixed Use, 2 Units",,,1909,Inner Mission,$448
28390812,Single Family Detached,,Ranch,1951,FAIRFIELD,$175
173110915,"Residential, Single Family Residence",$175/month,,2021,Cayena,$265
145061074,Condo,$240/month,,2017,Madison,$368
17242310,"Condominium, Residential Condo/Co-Op",$325/month,Mediterranean,1951,West Hollywood Vicinity,$802
7125164,"Single Family, Residential Single-Family",,Contemporary,1979,Sunset Strip - Hollywood Hills West,"$1,086"
109240355,"Townhouse, Condominium","$2,406/month",Contemporary,2016,Pacific Heights,"$1,893"
7119662,Single Family Residence,,,1947,C03 - Sunset Strip - Hollywood Hills West,"$1,129"
79042974,"Townhouse, Residential Condo/Co-Op",$399/month,Architectural,2014,West Hollywood Vicinity,$833
173093837,"Condominium, Residential Condo/Co-Op",$452/month,Contemporary,2020,Hollywood,$829
9993474,,,,,CHEVY CHASE,
167259016,"Flat, Luxury, Condominium",$731/month,"Contemporary, Modern/High Tech",2017,Nob Hill,
57854083,Condo,$204/month,,2002,Madison,$300
110291282,"Mid-Rise (4-8), 1 Level, New Construction, Condominium",$602/month,"Contemporary, Modern/High Tech",2016,Hayes Valley,"$1,264"
1757962,"Attached, Single-Family Home",,Traditional,1918,Eureka Valley/Dolore,"$1,032"
31050118,"Residential, Single Family",,"Single Detached, Other (See Remarks)",1955,na,$106
9971546,,$496/month,,1924,CHEVY CHASE,$640
63038751,Condo,$385/month,,2006,Madison,$315
28382350,Single Family Detached,,Santa Barbara/Tuscan,1951,Tierra Verde,$127
7106805,Residential Income,,,1921,West Hollywood Vicinity,"$1,301"
109465239,,$217/month,Contemporary,2016,AMERICAN UNIV. PARK,$732
7106622,"Single Family, Residential Single-Family",,Spanish,1923,West Hollywood Vicinity,$996
22045611,"Flat, Unit Above, 1 Level, Condominium",$250/month,,1885,Hayes Valley,$976
27737819,Single Family Detached,,,1946,CUATRO PALMAS,$154
27523624,Duplex,,,1940,WEST PHOENIX NO 4,
7125748,"Single Family, Residential Single-Family",,Mediterranean,1986,Sunset Strip - Hollywood Hills West,$702
7115847,Condominium,$350/month,,1986,C10 - West Hollywood Vicinity,$659
7124654,"Single Family, Residential Single-Family",,Spanish,1929,Sunset Strip - Hollywood Hills West,$961
28360062,Single Family Detached,,Other (See Remarks),1925,"CAPITOL BLK 43, 44, 35-38, 29, 30",$113
730613,,,,1907,San Francisco,$974
172407813,"Single Family, Residential Single-Family",,Traditional,2020,West Hollywood Vicinity,$688
30917869,"Residential, Single Family",,Single Detached,1954,Buckner Park,$118
7119884,"Single Family, Residential Single-Family",,Contemporary,,Sunset Strip - Hollywood Hills West,"$1,627"
173119067,"Residential, Single Family",,"Single Detached, Other (See Remarks)",2020,CAMDEN HOMES,$136
7102526,"Townhouse, Residential Condo/Co-Op",$250/month,Contemporary,1990,West Hollywood Vicinity,$696
9995211,,$150/month,Colonial,1979,CHEVY CHASE,$351
173335285,"Townhouse, Residential Condo/Co-Op",$500/month,Contemporary,2020,West Hollywood Vicinity,"$1,062"
57869088,Multi-Family,,,1909,Madison,
7123933,Single Family Residence,,Mid Century Modern,1963,C03 - Sunset Strip - Hollywood Hills West,$929
7103413,,,,1923,WLA - West Los Angeles,$980
10186789,,$791/month,Art Deco,1955,CHEVY CHASE,$476
109686864,"Townhouse, Hi-Rise (9+), Top Floor, 2 Level, Luxury, Condominium","$1,201/month",Modern/High Tech,2016,Mission Bay,"$1,378"
30941747,"Residential, Single Family",,Single Detached,1972,ST AUGUSTINE PARK ESTATES,$92
62386103,Condo,$410/month,,2001,Madison,$308
172952656,,,,,Phoenix,
17242277,Residential Land,,,,Sunset Strip - Hollywood Hills West,
30996547,"Residential, Single Family Residence",$92/month,,2005,Gaines Ranch Sub Ph 2,$432
7103588,Single Family Residence,,Bungalow,1923,C10 - West Hollywood Vicinity,"$1,223"
31154386,"Residential, Single Family",,Single Detached,1996,Branford Estate,$297
9957223,,$357/month,Federal,1998,CHEVY CHASE,$509
173318703,,,,,VILLA VERDE PLAT A BLKS 1 & 2,
17306145,Condominium,$529/month,Contemporary,2007,Van Ness/Civic Center,"$1,281"
27725175,Single Family Detached,,Other (See Remarks),1962,WINONA PARK 2 LOTS 75-78,$174
172258608,Multi-Family,,,1927,Madison,
110020227,"Land, Unimproved Land",$330/month,,,Watersmark At Barton Creek Con,
144064222,"New Construction, Condominium","$1,355/month",,2014,South Beach,"$1,732"
31216253,"Residential, Single Family Residence",$83/month,,1999,,$773
12531026,,$966/month,Condo/Unit,2007,CHEVY CHASE,$713
28231956,Single Family Detached,,Ranch,1948,TERRA DEL SOL,$155
12401669,"Low-Rise (1-3), Stock Cooperative",$960/month,Contemporary,1964,Western Addition,$676
173119705,"Residential, Single Family",,"Single Detached, Other (See Remarks)",2020,CAMDEN HOMES,$137
89964199,Multi-Family,,,1869,Madison,
102815631,"Flat, Condominium",$575/month,Edwardian,1908,Pacific Heights,"$1,587"
30923262,"Residential, Single Family",,"Single Detached, Ranch",1950,Oak Knoll,$180
965541,"Duplex, 2 Units",,Contemporary,1965,Potrero Hill,$879
113107108,,,,,C03 - Sunset Strip - Hollywood Hills West,
1335457,"Hi-Rise (9+), Top Floor, Condominium",$626/month,,1991,South Beach,"$1,169"
79039734,Residential Single-Family,$165/month,Contemporary,2014,Hollywood,$692
89945976,Condo,$240/month,,1986,Madison,$305
5257527,"Single Family, Residential Single-Family",,Traditional,1950,Sunset Strip - Hollywood Hills West,"$1,059"
7126245,"Single Family, Residential Single-Family",,Spanish,1925,Sunset Strip - Hollywood Hills West,"$1,027"
30996750,"Residential, Single Family Residence",$125/month,,2008,Barton Creek Abc West Ph 02,$310
30924874,"Residential, Single Family",,"Single Detached, Traditional",1957,Crawford Park Terrace,$110
89903074,Single-Family,,,1994,Dayton Row,$292
9969655,,$758/month,Contemporary,1957,CHEVY CHASE,$328
89915158,Multi-Family,,,1894,Madison,
147160488,"Townhouse, Condominium",$150/month,Modern/High Tech,1993,South of Market,$976
1823803,"Top Floor, 2 Level, Condominium",$410/month,"Contemporary, Victorian",1890,Lower Pacific Height,"$1,128"
7124336,Residential Single-Family,,Mid-Century,1963,Sunset Strip - Hollywood Hills West,$679
7106815,"Condominium, Residential Condo/Co-Op",$256/month,Contemporary,1962,West Hollywood Vicinity,$711
21966860,"Hi-Rise (9+), Condominium",$959/month,Contemporary,2008,South Beach,"$1,229"
853185,"Top Floor, Condominium",$524/month,Modern/High Tech,2000,Inner Mission,"$1,096"
668244,"2 Story, Single-Family Home",,Contemporary,1956,Corona Heights,"$1,430"
7117273,"Condominium, Residential Condo/Co-Op","$1,277/month",French Normandy,1930,West Hollywood Vicinity,$725
9970072,,$668/month,Contemporary,1963,CHEVY CHASE,$400
148071704,"Top Floor, Tenancy In Common",,"Contemporary, Modern/High Tech",1922,Mission Dolores,"$1,055"
1127360,"Low-Rise (1-3), 1 Level, Condominium",$350/month,Contemporary,1990,Hayes Valley,"$1,010"
110131498,"Townhouse, Residential Condo/Co-Op",$546/month,Architectural,2015,West Hollywood Vicinity,$862
57807971,Condo,$395/month,,2007,Madison,$277
22143306,Residential Income,,Bungalow,1921,Hollywood,"$1,034"
57812429,Condo,$718/month,,1999,Madison,$326
7124243,Residential Single-Family,,Mid-Century,1962,Sunset Strip - Hollywood Hills West,"$1,140"
1804311,"Townhouse, Top Floor, Condominium","$1,095/month",,1982,Van Ness/Civic Center,$896
8137848,"Condominium, Residential Condo/Co-Op",$479/month,Contemporary,2003,West Hollywood Vicinity,$720
173336588,"Flat, Low-Rise (1-3), Condominium",$330/month,,,South of Market,$953
110027990,"Full, Flat, Low-Rise (1-3), Condominium",$400/month,Contemporary,1900,Eureka Valley/Dolore,
7115288,"Condominium, Residential Condo/Co-Op",$475/month,Contemporary,1973,Sunset Strip - Hollywood Hills West,$778
104197114,Condominium,$879,,2017,SAN FRANCISCO,"$1,143"
30916543,"Residential, Single Family",,Single Detached,1957,Piedmont Park 03,$124
89915549,Condo,$500/month,,1962,Madison,$394
31143001,"Residential, Single Family",,"Single Detached, Traditional",1983,Forest Grove 06,$150
31878831,"Residential, Single Family Residence",$330/month,,2003,,$831
9992784,,,Colonial,1932,CHEVY CHASE,$458
